MaPhong,Khu,Tang,Phong,SoNguoiToiDa,SoNguoiHienTai,TinhTrang
A101,A,1,1,6,0,Dung duoc
A102,A,1,2,6,0,Dung duoc
A103,A,1,3,6,0,Dung duoc
A104,A,1,4,6,0,Dung duoc
A105,A,1,5,6,0,Dung duoc
A106,A,1,6,6,0,Dung duoc
A107,A,1,7,6,0,Dung duoc
A108,A,1,8,6,0,Dung duoc
A109,A,1,9,6,0,Dung duoc
A110,A,1,10,6,0,Dung duoc
A111,A,1,11,6,0,Dung duoc
A112,A,1,12,6,0,Dung duoc
A113,A,1,13,6,0,Dung duoc
A114,A,1,14,6,0,Dung duoc
A115,A,1,15,6,0,Dung duoc
A116,A,1,16,6,0,Dung duoc
A117,A,1,17,6,0,Dung duoc
A118,A,1,18,6,0,Dung duoc
A119,A,1,19,6,0,Dung duoc
A120,A,1,20,6,0,Dung duoc
A121,A,1,21,6,0,Dung duoc
A122,A,1,22,6,0,Dung duoc
A123,A,1,23,6,0,Dung duoc
A124,A,1,24,6,0,Dung duoc
A201,A,2,1,6,0,Dung duoc
A202,A,2,2,6,0,Dung duoc
A203,A,2,3,6,0,Dung duoc
A204,A,2,4,6,0,Dung duoc
A205,A,2,5,6,0,Dung duoc
A206,A,2,6,6,0,Dung duoc
A207,A,2,7,6,0,Dung duoc
A208,A,2,8,6,0,Dung duoc
A209,A,2,9,6,0,Dung duoc
A210,A,2,10,6,0,Dung duoc
A211,A,2,11,6,0,Dung duoc
A212,A,2,12,6,0,Dung duoc
A213,A,2,13,6,0,Dung duoc
A214,A,2,14,6,0,Dung duoc
A215,A,2,15,6,0,Dung duoc
A216,A,2,16,6,0,Dung duoc
A217,A,2,17,6,0,Dung duoc
A218,A,2,18,6,0,Dung duoc
A219,A,2,19,6,0,Dung duoc
A220,A,2,20,6,0,Dung duoc
A221,A,2,21,6,0,Dung duoc
A222,A,2,22,6,0,Dung duoc
A223,A,2,23,6,0,Dung duoc
A224,A,2,24,6,0,Dung duoc
A301,A,3,1,6,0,Dung duoc
A302,A,3,2,6,0,Dung duoc
A303,A,3,3,6,0,Dung duoc
A304,A,3,4,6,0,Dung duoc
A305,A,3,5,6,0,Dung duoc
A306,A,3,6,6,0,Dung duoc
A307,A,3,7,6,0,Dung duoc
A308,A,3,8,6,0,Dung duoc
A309,A,3,9,6,0,Dung duoc
A310,A,3,10,6,0,Dung duoc
A311,A,3,11,6,0,Dung duoc
A312,A,3,12,6,0,Dung duoc
A313,A,3,13,6,0,Dung duoc
A314,A,3,14,6,0,Dung duoc
A315,A,3,15,6,0,Dung duoc
A316,A,3,16,6,0,Dung duoc
A317,A,3,17,6,0,Dung duoc
A318,A,3,18,6,0,Dung duoc
A319,A,3,19,6,0,Dung duoc
A320,A,3,20,6,0,Dung duoc
A321,A,3,21,6,0,Dung duoc
A322,A,3,22,6,0,Dung duoc
A323,A,3,23,6,0,Dung duoc
A324,A,3,24,6,0,Dung duoc
A401,A,4,1,6,0,Dung duoc
A402,A,4,2,6,0,Dung duoc
A403,A,4,3,6,0,Dung duoc
A404,A,4,4,6,0,Dung duoc
A405,A,4,5,6,0,Dung duoc
A406,A,4,6,6,0,Dung duoc
A407,A,4,7,6,0,Dung duoc
A408,A,4,8,6,0,Dung duoc
A409,A,4,9,6,0,Dung duoc
A410,A,4,10,6,0,Dung duoc
A411,A,4,11,6,0,Dung duoc
A412,A,4,12,6,0,Dung duoc
A413,A,4,13,6,0,Dung duoc
A414,A,4,14,6,0,Dung duoc
A415,A,4,15,6,0,Dung duoc
A416,A,4,16,6,0,Dung duoc
A417,A,4,17,6,0,Dung duoc
A418,A,4,18,6,0,Dung duoc
A419,A,4,19,6,0,Dung duoc
A420,A,4,20,6,0,Dung duoc
A421,A,4,21,6,0,Dung duoc
A422,A,4,22,6,0,Dung duoc
A423,A,4,23,6,0,Dung duoc
A424,A,4,24,6,0,Dung duoc
A501,A,5,1,6,0,Dung duoc
A502,A,5,2,6,0,Dung duoc
A503,A,5,3,6,0,Dung duoc
A504,A,5,4,6,0,Dung duoc
A505,A,5,5,6,0,Dung duoc
A506,A,5,6,6,0,Dung duoc
A507,A,5,7,6,0,Dung duoc
A508,A,5,8,6,0,Dung duoc
A509,A,5,9,6,0,Dung duoc
A510,A,5,10,6,0,Dung duoc
A511,A,5,11,6,0,Dung duoc
A512,A,5,12,6,0,Dung duoc
A513,A,5,13,6,0,Dung duoc
A514,A,5,14,6,0,Dung duoc
A515,A,5,15,6,0,Dung duoc
A516,A,5,16,6,0,Dung duoc
A517,A,5,17,6,0,Dung duoc
A518,A,5,18,6,0,Dung duoc
A519,A,5,19,6,0,Dung duoc
A520,A,5,20,6,0,Dung duoc
A521,A,5,21,6,0,Dung duoc
A522,A,5,22,6,0,Dung duoc
A523,A,5,23,6,0,Dung duoc
A524,A,5,24,6,0,Dung duoc
B101,B,1,1,6,0,Dung duoc
B102,B,1,2,6,0,Dung duoc
B103,B,1,3,6,0,Dung duoc
B104,B,1,4,6,0,Dung duoc
B105,B,1,5,6,0,Dung duoc
B106,B,1,6,6,0,Dung duoc
B107,B,1,7,6,0,Dung duoc
B108,B,1,8,6,0,Dung duoc
B109,B,1,9,6,0,Dung duoc
B110,B,1,10,6,0,Dung duoc
B111,B,1,11,6,0,Dung duoc
B112,B,1,12,6,0,Dung duoc
B113,B,1,13,6,0,Dung duoc
B114,B,1,14,6,0,Dung duoc
B115,B,1,15,6,0,Dung duoc
B116,B,1,16,6,0,Dung duoc
B117,B,1,17,6,0,Dung duoc
B118,B,1,18,6,0,Dung duoc
B119,B,1,19,6,0,Dung duoc
B120,B,1,20,6,0,Dung duoc
B121,B,1,21,6,0,Dung duoc
B122,B,1,22,6,0,Dung duoc
B123,B,1,23,6,0,Dung duoc
B124,B,1,24,6,0,Dung duoc
B201,B,2,1,6,0,Dung duoc
B202,B,2,2,6,0,Dung duoc
B203,B,2,3,6,0,Dung duoc
B204,B,2,4,6,0,Dung duoc
B205,B,2,5,6,0,Dung duoc
B206,B,2,6,6,0,Dung duoc
B207,B,2,7,6,0,Dung duoc
B208,B,2,8,6,0,Dung duoc
B209,B,2,9,6,0,Dung duoc
B210,B,2,10,6,0,Dung duoc
B211,B,2,11,6,0,Dung duoc
B212,B,2,12,6,0,Dung duoc
B213,B,2,13,6,0,Dung duoc
B214,B,2,14,6,0,Dung duoc
B215,B,2,15,6,0,Dung duoc
B216,B,2,16,6,0,Dung duoc
B217,B,2,17,6,0,Dung duoc
B218,B,2,18,6,0,Dung duoc
B219,B,2,19,6,0,Dung duoc
B220,B,2,20,6,0,Dung duoc
B221,B,2,21,6,0,Dung duoc
B222,B,2,22,6,0,Dung duoc
B223,B,2,23,6,0,Dung duoc
B224,B,2,24,6,0,Dung duoc
B301,B,3,1,6,0,Dung duoc
B302,B,3,2,6,0,Dung duoc
B303,B,3,3,6,0,Dung duoc
B304,B,3,4,6,0,Dung duoc
B305,B,3,5,6,0,Dung duoc
B306,B,3,6,6,0,Dung duoc
B307,B,3,7,6,0,Dung duoc
B308,B,3,8,6,0,Dung duoc
B309,B,3,9,6,0,Dung duoc
B310,B,3,10,6,0,Dung duoc
B311,B,3,11,6,0,Dung duoc
B312,B,3,12,6,0,Dung duoc
B313,B,3,13,6,0,Dung duoc
B314,B,3,14,6,0,Dung duoc
B315,B,3,15,6,0,Dung duoc
B316,B,3,16,6,0,Dung duoc
B317,B,3,17,6,0,Dung duoc
B318,B,3,18,6,0,Dung duoc
B319,B,3,19,6,0,Dung duoc
B320,B,3,20,6,0,Dung duoc
B321,B,3,21,6,0,Dung duoc
B322,B,3,22,6,0,Dung duoc
B323,B,3,23,6,0,Dung duoc
B324,B,3,24,6,0,Dung duoc
B401,B,4,1,6,0,Dung duoc
B402,B,4,2,6,0,Dung duoc
B403,B,4,3,6,0,Dung duoc
B404,B,4,4,6,0,Dung duoc
B405,B,4,5,6,0,Dung duoc
B406,B,4,6,6,0,Dung duoc
B407,B,4,7,6,0,Dung duoc
B408,B,4,8,6,0,Dung duoc
B409,B,4,9,6,0,Dung duoc
B410,B,4,10,6,0,Dung duoc
B411,B,4,11,6,0,Dung duoc
B412,B,4,12,6,0,Dung duoc
B413,B,4,13,6,0,Dung duoc
B414,B,4,14,6,0,Dung duoc
B415,B,4,15,6,0,Dung duoc
B416,B,4,16,6,0,Dung duoc
B417,B,4,17,6,0,Dung duoc
B418,B,4,18,6,0,Dung duoc
B419,B,4,19,6,0,Dung duoc
B420,B,4,20,6,0,Dung duoc
B421,B,4,21,6,0,Dung duoc
B422,B,4,22,6,0,Dung duoc
B423,B,4,23,6,0,Dung duoc
B424,B,4,24,6,0,Dung duoc
B501,B,5,1,6,0,Dung duoc
B502,B,5,2,6,0,Dung duoc
B503,B,5,3,6,0,Dung duoc
B504,B,5,4,6,0,Dung duoc
B505,B,5,5,6,0,Dung duoc
B506,B,5,6,6,0,Dung duoc
B507,B,5,7,6,0,Dung duoc
B508,B,5,8,6,0,Dung duoc
B509,B,5,9,6,0,Dung duoc
B510,B,5,10,6,0,Dung duoc
B511,B,5,11,6,0,Dung duoc
B512,B,5,12,6,0,Dung duoc
B513,B,5,13,6,0,Dung duoc
B514,B,5,14,6,0,Dung duoc
B515,B,5,15,6,0,Dung duoc
B516,B,5,16,6,0,Dung duoc
B517,B,5,17,6,0,Dung duoc
B518,B,5,18,6,0,Dung duoc
B519,B,5,19,6,0,Dung duoc
B520,B,5,20,6,0,Dung duoc
B521,B,5,21,6,0,Dung duoc
B522,B,5,22,6,0,Dung duoc
B523,B,5,23,6,0,Dung duoc
B524,B,5,24,6,0,Dung duoc
C101,C,1,1,6,0,Dung duoc
C102,C,1,2,6,0,Dung duoc
C103,C,1,3,6,0,Dung duoc
C104,C,1,4,6,0,Dung duoc
C105,C,1,5,6,0,Dung duoc
C106,C,1,6,6,0,Dung duoc
C107,C,1,7,6,0,Dung duoc
C108,C,1,8,6,0,Dung duoc
C109,C,1,9,6,0,Dung duoc
C110,C,1,10,6,0,Dung duoc
C111,C,1,11,6,0,Dung duoc
C112,C,1,12,6,0,Dung duoc
C113,C,1,13,6,0,Dung duoc
C114,C,1,14,6,0,Dung duoc
C115,C,1,15,6,0,Dung duoc
C116,C,1,16,6,0,Dung duoc
C117,C,1,17,6,0,Dung duoc
C118,C,1,18,6,0,Dung duoc
C119,C,1,19,6,0,Dung duoc
C120,C,1,20,6,0,Dung duoc
C121,C,1,21,6,0,Dung duoc
C122,C,1,22,6,0,Dung duoc
C123,C,1,23,6,0,Dung duoc
C124,C,1,24,6,0,Dung duoc
C201,C,2,1,6,0,Dung duoc
C202,C,2,2,6,0,Dung duoc
C203,C,2,3,6,0,Dung duoc
C204,C,2,4,6,0,Dung duoc
C205,C,2,5,6,0,Dung duoc
C206,C,2,6,6,0,Dung duoc
C207,C,2,7,6,0,Dung duoc
C208,C,2,8,6,0,Dung duoc
C209,C,2,9,6,0,Dung duoc
C210,C,2,10,6,0,Dung duoc
C211,C,2,11,6,0,Dung duoc
C212,C,2,12,6,0,Dung duoc
C213,C,2,13,6,0,Dung duoc
C214,C,2,14,6,0,Dung duoc
C215,C,2,15,6,0,Dung duoc
C216,C,2,16,6,0,Dung duoc
C217,C,2,17,6,0,Dung duoc
C218,C,2,18,6,0,Dung duoc
C219,C,2,19,6,0,Dung duoc
C220,C,2,20,6,0,Dung duoc
C221,C,2,21,6,0,Dung duoc
C222,C,2,22,6,0,Dung duoc
C223,C,2,23,6,0,Dung duoc
C224,C,2,24,6,0,Dung duoc
C301,C,3,1,6,0,Dung duoc
C302,C,3,2,6,0,Dung duoc
C303,C,3,3,6,0,Dung duoc
C304,C,3,4,6,0,Dung duoc
C305,C,3,5,6,0,Dung duoc
C306,C,3,6,6,0,Dung duoc
C307,C,3,7,6,0,Dung duoc
C308,C,3,8,6,0,Dung duoc
C309,C,3,9,6,0,Dung duoc
C310,C,3,10,6,0,Dung duoc
C311,C,3,11,6,0,Dung duoc
C312,C,3,12,6,0,Dung duoc
C313,C,3,13,6,0,Dung duoc
C314,C,3,14,6,0,Dung duoc
C315,C,3,15,6,0,Dung duoc
C316,C,3,16,6,0,Dung duoc
C317,C,3,17,6,0,Dung duoc
C318,C,3,18,6,0,Dung duoc
C319,C,3,19,6,0,Dung duoc
C320,C,3,20,6,0,Dung duoc
C321,C,3,21,6,0,Dung duoc
C322,C,3,22,6,0,Dung duoc
C323,C,3,23,6,0,Dung duoc
C324,C,3,24,6,0,Dung duoc
C401,C,4,1,6,0,Dung duoc
C402,C,4,2,6,0,Dung duoc
C403,C,4,3,6,0,Dung duoc
C404,C,4,4,6,0,Dung duoc
C405,C,4,5,6,0,Dung duoc
C406,C,4,6,6,0,Dung duoc
C407,C,4,7,6,0,Dung duoc
C408,C,4,8,6,0,Dung duoc
C409,C,4,9,6,0,Dung duoc
C410,C,4,10,6,0,Dung duoc
C411,C,4,11,6,0,Dung duoc
C412,C,4,12,6,0,Dung duoc
C413,C,4,13,6,0,Dung duoc
C414,C,4,14,6,0,Dung duoc
C415,C,4,15,6,0,Dung duoc
C416,C,4,16,6,0,Dung duoc
C417,C,4,17,6,0,Dung duoc
C418,C,4,18,6,0,Dung duoc
C419,C,4,19,6,0,Dung duoc
C420,C,4,20,6,0,Dung duoc
C421,C,4,21,6,0,Dung duoc
C422,C,4,22,6,0,Dung duoc
C423,C,4,23,6,0,Dung duoc
C424,C,4,24,6,0,Dung duoc
C501,C,5,1,6,0,Dung duoc
C502,C,5,2,6,0,Dung duoc
C503,C,5,3,6,0,Dung duoc
C504,C,5,4,6,0,Dung duoc
C505,C,5,5,6,0,Dung duoc
C506,C,5,6,6,0,Dung duoc
C507,C,5,7,6,0,Dung duoc
C508,C,5,8,6,0,Dung duoc
C509,C,5,9,6,0,Dung duoc
C510,C,5,10,6,0,Dung duoc
C511,C,5,11,6,0,Dung duoc
C512,C,5,12,6,0,Dung duoc
C513,C,5,13,6,0,Dung duoc
C514,C,5,14,6,0,Dung duoc
C515,C,5,15,6,0,Dung duoc
C516,C,5,16,6,0,Dung duoc
C517,C,5,17,6,0,Dung duoc
C518,C,5,18,6,0,Dung duoc
C519,C,5,19,6,0,Dung duoc
C520,C,5,20,6,0,Dung duoc
C521,C,5,21,6,0,Dung duoc
C522,C,5,22,6,0,Dung duoc
C523,C,5,23,6,0,Dung duoc
C524,C,5,24,6,0,Dung duoc
D101,D,1,1,6,0,Dung duoc
D102,D,1,2,6,0,Dung duoc
D103,D,1,3,6,0,Dung duoc
D104,D,1,4,6,0,Dung duoc
D105,D,1,5,6,0,Dung duoc
D106,D,1,6,6,0,Dung duoc
D107,D,1,7,6,0,Dung duoc
D108,D,1,8,6,0,Dung duoc
D109,D,1,9,6,0,Dung duoc
D110,D,1,10,6,0,Dung duoc
D111,D,1,11,6,0,Dung duoc
D112,D,1,12,6,0,Dung duoc
D113,D,1,13,6,0,Dung duoc
D114,D,1,14,6,0,Dung duoc
D115,D,1,15,6,0,Dung duoc
D116,D,1,16,6,0,Dung duoc
D117,D,1,17,6,0,Dung duoc
D118,D,1,18,6,0,Dung duoc
D119,D,1,19,6,0,Dung duoc
D120,D,1,20,6,0,Dung duoc
D121,D,1,21,6,0,Dung duoc
D122,D,1,22,6,0,Dung duoc
D123,D,1,23,6,0,Dung duoc
D124,D,1,24,6,0,Dung duoc
D201,D,2,1,6,0,Dung duoc
D202,D,2,2,6,0,Dung duoc
D203,D,2,3,6,0,Dung duoc
D204,D,2,4,6,0,Dung duoc
D205,D,2,5,6,0,Dung duoc
D206,D,2,6,6,0,Dung duoc
D207,D,2,7,6,0,Dung duoc
D208,D,2,8,6,0,Dung duoc
D209,D,2,9,6,0,Dung duoc
D210,D,2,10,6,0,Dung duoc
D211,D,2,11,6,0,Dung duoc
D212,D,2,12,6,0,Dung duoc
D213,D,2,13,6,0,Dung duoc
D214,D,2,14,6,0,Dung duoc
D215,D,2,15,6,0,Dung duoc
D216,D,2,16,6,0,Dung duoc
D217,D,2,17,6,0,Dung duoc
D218,D,2,18,6,0,Dung duoc
D219,D,2,19,6,0,Dung duoc
D220,D,2,20,6,0,Dung duoc
D221,D,2,21,6,0,Dung duoc
D222,D,2,22,6,0,Dung duoc
D223,D,2,23,6,0,Dung duoc
D224,D,2,24,6,0,Dung duoc
D301,D,3,1,6,0,Dung duoc
D302,D,3,2,6,0,Dung duoc
D303,D,3,3,6,0,Dung duoc
D304,D,3,4,6,0,Dung duoc
D305,D,3,5,6,0,Dung duoc
D306,D,3,6,6,0,Dung duoc
D307,D,3,7,6,0,Dung duoc
D308,D,3,8,6,0,Dung duoc
D309,D,3,9,6,0,Dung duoc
D310,D,3,10,6,0,Dung duoc
D311,D,3,11,6,0,Dung duoc
D312,D,3,12,6,0,Dung duoc
D313,D,3,13,6,0,Dung duoc
D314,D,3,14,6,0,Dung duoc
D315,D,3,15,6,0,Dung duoc
D316,D,3,16,6,0,Dung duoc
D317,D,3,17,6,0,Dung duoc
D318,D,3,18,6,0,Dung duoc
D319,D,3,19,6,0,Dung duoc
D320,D,3,20,6,0,Dung duoc
D321,D,3,21,6,0,Dung duoc
D322,D,3,22,6,0,Dung duoc
D323,D,3,23,6,0,Dung duoc
D324,D,3,24,6,0,Dung duoc
D401,D,4,1,6,0,Dung duoc
D402,D,4,2,6,0,Dung duoc
D403,D,4,3,6,0,Dung duoc
D404,D,4,4,6,0,Dung duoc
D405,D,4,5,6,0,Dung duoc
D406,D,4,6,6,0,Dung duoc
D407,D,4,7,6,0,Dung duoc
D408,D,4,8,6,0,Dung duoc
D409,D,4,9,6,0,Dung duoc
D410,D,4,10,6,0,Dung duoc
D411,D,4,11,6,0,Dung duoc
D412,D,4,12,6,0,Dung duoc
D413,D,4,13,6,0,Dung duoc
D414,D,4,14,6,0,Dung duoc
D415,D,4,15,6,0,Dung duoc
D416,D,4,16,6,0,Dung duoc
D417,D,4,17,6,0,Dung duoc
D418,D,4,18,6,0,Dung duoc
D419,D,4,19,6,0,Dung duoc
D420,D,4,20,6,0,Dung duoc
D421,D,4,21,6,0,Dung duoc
D422,D,4,22,6,0,Dung duoc
D423,D,4,23,6,0,Dung duoc
D424,D,4,24,6,0,Dung duoc
D501,D,5,1,6,0,Dung duoc
D502,D,5,2,6,0,Dung duoc
D503,D,5,3,6,0,Dung duoc
D504,D,5,4,6,0,Dung duoc
D505,D,5,5,6,0,Dung duoc
D506,D,5,6,6,0,Dung duoc
D507,D,5,7,6,0,Dung duoc
D508,D,5,8,6,0,Dung duoc
D509,D,5,9,6,0,Dung duoc
D510,D,5,10,6,0,Dung duoc
D511,D,5,11,6,0,Dung duoc
D512,D,5,12,6,0,Dung duoc
D513,D,5,13,6,0,Dung duoc
D514,D,5,14,6,0,Dung duoc
D515,D,5,15,6,0,Dung duoc
D516,D,5,16,6,0,Dung duoc
D517,D,5,17,6,0,Dung duoc
D518,D,5,18,6,0,Dung duoc
D519,D,5,19,6,0,Dung duoc
D520,D,5,20,6,0,Dung duoc
D521,D,5,21,6,0,Dung duoc
D522,D,5,22,6,0,Dung duoc
D523,D,5,23,6,0,Dung duoc
D524,D,5,24,6,0,Dung duoc
E101,E,1,1,6,0,Dung duoc
E102,E,1,2,6,0,Dung duoc
E103,E,1,3,6,0,Dung duoc
E104,E,1,4,6,0,Dung duoc
E105,E,1,5,6,0,Dung duoc
E106,E,1,6,6,0,Dung duoc
E107,E,1,7,6,0,Dung duoc
E108,E,1,8,6,0,Dung duoc
E109,E,1,9,6,0,Dung duoc
E110,E,1,10,6,0,Dung duoc
E111,E,1,11,6,0,Dung duoc
E112,E,1,12,6,0,Dung duoc
E113,E,1,13,6,0,Dung duoc
E114,E,1,14,6,0,Dung duoc
E115,E,1,15,6,0,Dung duoc
E116,E,1,16,6,0,Dung duoc
E117,E,1,17,6,0,Dung duoc
E118,E,1,18,6,0,Dung duoc
E119,E,1,19,6,0,Dung duoc
E120,E,1,20,6,0,Dung duoc
E121,E,1,21,6,0,Dung duoc
E122,E,1,22,6,0,Dung duoc
E123,E,1,23,6,0,Dung duoc
E124,E,1,24,6,0,Dung duoc
E201,E,2,1,6,0,Dung duoc
E202,E,2,2,6,0,Dung duoc
E203,E,2,3,6,0,Dung duoc
E204,E,2,4,6,0,Dung duoc
E205,E,2,5,6,0,Dung duoc
E206,E,2,6,6,0,Dung duoc
E207,E,2,7,6,0,Dung duoc
E208,E,2,8,6,0,Dung duoc
E209,E,2,9,6,0,Dung duoc
E210,E,2,10,6,0,Dung duoc
E211,E,2,11,6,0,Dung duoc
E212,E,2,12,6,0,Dung duoc
E213,E,2,13,6,0,Dung duoc
E214,E,2,14,6,0,Dung duoc
E215,E,2,15,6,0,Dung duoc
E216,E,2,16,6,0,Dung duoc
E217,E,2,17,6,0,Dung duoc
E218,E,2,18,6,0,Dung duoc
E219,E,2,19,6,0,Dung duoc
E220,E,2,20,6,0,Dung duoc
E221,E,2,21,6,0,Dung duoc
E222,E,2,22,6,0,Dung duoc
E223,E,2,23,6,0,Dung duoc
E224,E,2,24,6,0,Dung duoc
E301,E,3,1,6,0,Dung duoc
E302,E,3,2,6,0,Dung duoc
E303,E,3,3,6,0,Dung duoc
E304,E,3,4,6,0,Dung duoc
E305,E,3,5,6,0,Dung duoc
E306,E,3,6,6,0,Dung duoc
E307,E,3,7,6,0,Dung duoc
E308,E,3,8,6,0,Dung duoc
E309,E,3,9,6,0,Dung duoc
E310,E,3,10,6,0,Dung duoc
E311,E,3,11,6,0,Dung duoc
E312,E,3,12,6,0,Dung duoc
E313,E,3,13,6,0,Dung duoc
E314,E,3,14,6,0,Dung duoc
E315,E,3,15,6,0,Dung duoc
E316,E,3,16,6,0,Dung duoc
E317,E,3,17,6,0,Dung duoc
E318,E,3,18,6,0,Dung duoc
E319,E,3,19,6,0,Dung duoc
E320,E,3,20,6,0,Dung duoc
E321,E,3,21,6,0,Dung duoc
E322,E,3,22,6,0,Dung duoc
E323,E,3,23,6,0,Dung duoc
E324,E,3,24,6,0,Dung duoc
E401,E,4,1,6,0,Dung duoc
E402,E,4,2,6,0,Dung duoc
E403,E,4,3,6,0,Dung duoc
E404,E,4,4,6,0,Dung duoc
E405,E,4,5,6,0,Dung duoc
E406,E,4,6,6,0,Dung duoc
E407,E,4,7,6,0,Dung duoc
E408,E,4,8,6,0,Dung duoc
E409,E,4,9,6,0,Dung duoc
E410,E,4,10,6,0,Dung duoc
E411,E,4,11,6,0,Dung duoc
E412,E,4,12,6,0,Dung duoc
E413,E,4,13,6,0,Dung duoc
E414,E,4,14,6,0,Dung duoc
E415,E,4,15,6,0,Dung duoc
E416,E,4,16,6,0,Dung duoc
E417,E,4,17,6,0,Dung duoc
E418,E,4,18,6,0,Dung duoc
E419,E,4,19,6,0,Dung duoc
E420,E,4,20,6,0,Dung duoc
E421,E,4,21,6,0,Dung duoc
E422,E,4,22,6,0,Dung duoc
E423,E,4,23,6,0,Dung duoc
E424,E,4,24,6,0,Dung duoc
E501,E,5,1,6,0,Dung duoc
E502,E,5,2,6,0,Dung duoc
E503,E,5,3,6,0,Dung duoc
E504,E,5,4,6,0,Dung duoc
E505,E,5,5,6,0,Dung duoc
E506,E,5,6,6,0,Dung duoc
E507,E,5,7,6,0,Dung duoc
E508,E,5,8,6,0,Dung duoc
E509,E,5,9,6,0,Dung duoc
E510,E,5,10,6,0,Dung duoc
E511,E,5,11,6,0,Dung duoc
E512,E,5,12,6,0,Dung duoc
E513,E,5,13,6,0,Dung duoc
E514,E,5,14,6,0,Dung duoc
E515,E,5,15,6,0,Dung duoc
E516,E,5,16,6,0,Dung duoc
E517,E,5,17,6,0,Dung duoc
E518,E,5,18,6,0,Dung duoc
E519,E,5,19,6,0,Dung duoc
E520,E,5,20,6,0,Dung duoc
E521,E,5,21,6,0,Dung duoc
E522,E,5,22,6,0,Dung duoc
E523,E,5,23,6,0,Dung duoc
E524,E,5,24,6,0,Dung duoc
F101,F,1,1,6,0,Dung duoc
F102,F,1,2,6,0,Dung duoc
F103,F,1,3,6,0,Dung duoc
F104,F,1,4,6,0,Dung duoc
F105,F,1,5,6,0,Dung duoc
F106,F,1,6,6,0,Dung duoc
F107,F,1,7,6,0,Dung duoc
F108,F,1,8,6,0,Dung duoc
F109,F,1,9,6,0,Dung duoc
F110,F,1,10,6,0,Dung duoc
F111,F,1,11,6,0,Dung duoc
F112,F,1,12,6,0,Dung duoc
F113,F,1,13,6,0,Dung duoc
F114,F,1,14,6,0,Dung duoc
F115,F,1,15,6,0,Dung duoc
F116,F,1,16,6,0,Dung duoc
F117,F,1,17,6,0,Dung duoc
F118,F,1,18,6,0,Dung duoc
F119,F,1,19,6,0,Dung duoc
F120,F,1,20,6,0,Dung duoc
F121,F,1,21,6,0,Dung duoc
F122,F,1,22,6,0,Dung duoc
F123,F,1,23,6,0,Dung duoc
F124,F,1,24,6,0,Dung duoc
F201,F,2,1,6,0,Dung duoc
F202,F,2,2,6,0,Dung duoc
F203,F,2,3,6,0,Dung duoc
F204,F,2,4,6,0,Dung duoc
F205,F,2,5,6,0,Dung duoc
F206,F,2,6,6,0,Dung duoc
F207,F,2,7,6,0,Dung duoc
F208,F,2,8,6,0,Dung duoc
F209,F,2,9,6,0,Dung duoc
F210,F,2,10,6,0,Dung duoc
F211,F,2,11,6,0,Dung duoc
F212,F,2,12,6,0,Dung duoc
F213,F,2,13,6,0,Dung duoc
F214,F,2,14,6,0,Dung duoc
F215,F,2,15,6,0,Dung duoc
F216,F,2,16,6,0,Dung duoc
F217,F,2,17,6,0,Dung duoc
F218,F,2,18,6,0,Dung duoc
F219,F,2,19,6,0,Dung duoc
F220,F,2,20,6,0,Dung duoc
F221,F,2,21,6,0,Dung duoc
F222,F,2,22,6,0,Dung duoc
F223,F,2,23,6,0,Dung duoc
F224,F,2,24,6,0,Dung duoc
F301,F,3,1,6,0,Dung duoc
F302,F,3,2,6,0,Dung duoc
F303,F,3,3,6,0,Dung duoc
F304,F,3,4,6,0,Dung duoc
F305,F,3,5,6,0,Dung duoc
F306,F,3,6,6,0,Dung duoc
F307,F,3,7,6,0,Dung duoc
F308,F,3,8,6,0,Dung duoc
F309,F,3,9,6,0,Dung duoc
F310,F,3,10,6,0,Dung duoc
F311,F,3,11,6,0,Dung duoc
F312,F,3,12,6,0,Dung duoc
F313,F,3,13,6,0,Dung duoc
F314,F,3,14,6,0,Dung duoc
F315,F,3,15,6,0,Dung duoc
F316,F,3,16,6,0,Dung duoc
F317,F,3,17,6,0,Dung duoc
F318,F,3,18,6,0,Dung duoc
F319,F,3,19,6,0,Dung duoc
F320,F,3,20,6,0,Dung duoc
F321,F,3,21,6,0,Dung duoc
F322,F,3,22,6,0,Dung duoc
F323,F,3,23,6,0,Dung duoc
F324,F,3,24,6,0,Dung duoc
F401,F,4,1,6,0,Dung duoc
F402,F,4,2,6,0,Dung duoc
F403,F,4,3,6,0,Dung duoc
F404,F,4,4,6,0,Dung duoc
F405,F,4,5,6,0,Dung duoc
F406,F,4,6,6,0,Dung duoc
F407,F,4,7,6,0,Dung duoc
F408,F,4,8,6,0,Dung duoc
F409,F,4,9,6,0,Dung duoc
F410,F,4,10,6,0,Dung duoc
F411,F,4,11,6,0,Dung duoc
F412,F,4,12,6,0,Dung duoc
F413,F,4,13,6,0,Dung duoc
F414,F,4,14,6,0,Dung duoc
F415,F,4,15,6,0,Dung duoc
F416,F,4,16,6,0,Dung duoc
F417,F,4,17,6,0,Dung duoc
F418,F,4,18,6,0,Dung duoc
F419,F,4,19,6,0,Dung duoc
F420,F,4,20,6,0,Dung duoc
F421,F,4,21,6,0,Dung duoc
F422,F,4,22,6,0,Dung duoc
F423,F,4,23,6,0,Dung duoc
F424,F,4,24,6,0,Dung duoc
F501,F,5,1,6,0,Dung duoc
F502,F,5,2,6,0,Dung duoc
F503,F,5,3,6,0,Dung duoc
F504,F,5,4,6,0,Dung duoc
F505,F,5,5,6,0,Dung duoc
F506,F,5,6,6,0,Dung duoc
F507,F,5,7,6,0,Dung duoc
F508,F,5,8,6,0,Dung duoc
F509,F,5,9,6,0,Dung duoc
F510,F,5,10,6,0,Dung duoc
F511,F,5,11,6,0,Dung duoc
F512,F,5,12,6,0,Dung duoc
F513,F,5,13,6,0,Dung duoc
F514,F,5,14,6,0,Dung duoc
F515,F,5,15,6,0,Dung duoc
F516,F,5,16,6,0,Dung duoc
F517,F,5,17,6,0,Dung duoc
F518,F,5,18,6,0,Dung duoc
F519,F,5,19,6,0,Dung duoc
F520,F,5,20,6,0,Dung duoc
F521,F,5,21,6,0,Dung duoc
F522,F,5,22,6,0,Dung duoc
F523,F,5,23,6,0,Dung duoc
F524,F,5,24,6,0,Dung duoc
